x-axis,1,2,3
second,Volt,Volt,Volt
+27.08000E-03,+1.88125002E+00,+2.09375000E+00,+2.06824994E+00
+27.09000E-03,+1.85000002E+00,+1.96875000E+00,+1.97449994E+00
+27.10000E-03,+1.91250002E+00,+1.87500000E+00,+1.88074994E+00
+27.11000E-03,+1.88125002E+00,+1.84375000E+00,+1.81824994E+00
+27.12000E-03,+1.85000002E+00,+1.81250000E+00,+1.84949994E+00
+27.13000E-03,+1.78750002E+00,+1.84375000E+00,+1.81824994E+00
+27.14000E-03,+1.75625002E+00,+1.84375000E+00,+1.84949994E+00
+27.15000E-03,+1.75625002E+00,+1.84375000E+00,+1.78699994E+00
+27.16000E-03,+1.69375002E+00,+1.78125000E+00,+1.81824994E+00
+27.17000E-03,+1.72500002E+00,+1.78125000E+00,+1.75574994E+00
+27.18000E-03,+1.63125002E+00,+1.68750000E+00,+1.72449994E+00
+27.19000E-03,+1.56875002E+00,+1.68750000E+00,+1.66199994E+00
+27.20000E-03,+1.53750002E+00,+1.62500000E+00,+1.59949994E+00
+27.21000E-03,+1.47500002E+00,+1.59375000E+00,+1.53699994E+00
+27.22000E-03,+1.44375002E+00,+1.53125000E+00,+1.50574994E+00
+27.23000E-03,+1.38125002E+00,+1.43750000E+00,+1.41199994E+00
+27.24000E-03,+1.31875002E+00,+1.40625000E+00,+1.38074994E+00
+27.25000E-03,+1.22500002E+00,+1.34375000E+00,+1.31824994E+00
+27.26000E-03,+1.16250002E+00,+1.28125000E+00,+1.25574994E+00
+27.27000E-03,+1.10000002E+00,+1.21875000E+00,+1.19324994E+00
+27.28000E-03,+1.06875002E+00,+1.12500000E+00,+1.09949994E+00
+27.29000E-03,+975.00002E-03,+1.06250000E+00,+1.03699994E+00
+27.30000E-03,+912.50002E-03,+968.75000E-03,+974.49994E-03
+27.31000E-03,+850.00002E-03,+906.25000E-03,+911.99994E-03
+27.32000E-03,+818.75002E-03,+875.00000E-03,+911.99994E-03
+27.33000E-03,+756.25002E-03,+812.50000E-03,+818.24994E-03
+27.34000E-03,+725.00002E-03,+781.25000E-03,+755.74994E-03
+27.35000E-03,+662.50002E-03,+718.75000E-03,+724.49994E-03
+27.36000E-03,+693.75002E-03,+718.75000E-03,+724.49994E-03
+27.37000E-03,+693.75002E-03,+718.75000E-03,+693.24994E-03
+27.38000E-03,+693.75002E-03,+687.50000E-03,+693.24994E-03
+27.39000E-03,+725.00002E-03,+718.75000E-03,+724.49994E-03
+27.40000E-03,+818.75002E-03,+687.50000E-03,+755.74994E-03
+27.41000E-03,+881.25002E-03,+812.50000E-03,+786.99994E-03
+27.42000E-03,+943.75002E-03,+843.75000E-03,+880.74994E-03
+27.43000E-03,+1.03750002E+00,+937.50000E-03,+974.49994E-03
+27.44000E-03,+1.16250002E+00,+1.03125000E+00,+1.06824994E+00
+27.45000E-03,+1.31875002E+00,+1.12500000E+00,+1.19324994E+00
+27.46000E-03,+1.47500002E+00,+1.25000000E+00,+1.34949994E+00
+27.47000E-03,+1.63125002E+00,+1.43750000E+00,+1.47449994E+00
+27.48000E-03,+1.75625002E+00,+1.56250000E+00,+1.63074994E+00
+27.49000E-03,+1.91250002E+00,+1.71875000E+00,+1.81824994E+00
+27.50000E-03,+2.06875002E+00,+1.90625000E+00,+1.94324994E+00
+27.51000E-03,+2.19375002E+00,+2.06250000E+00,+2.13074994E+00
+27.52000E-03,+2.31875002E+00,+2.18750000E+00,+2.25574994E+00
+27.53000E-03,+2.41250002E+00,+2.31250000E+00,+2.38074994E+00
+27.54000E-03,+2.47500002E+00,+2.46875000E+00,+2.47449994E+00
+27.55000E-03,+2.53750002E+00,+2.53125000E+00,+2.56824994E+00
+27.56000E-03,+2.53750002E+00,+2.59375000E+00,+2.63074994E+00
+27.57000E-03,+2.50625002E+00,+2.62500000E+00,+2.63074994E+00
+27.58000E-03,+2.44375002E+00,+2.59375000E+00,+2.59949994E+00
+27.59000E-03,+2.35000002E+00,+2.53125000E+00,+2.50574994E+00
+27.60000E-03,+2.22500002E+00,+2.43750000E+00,+2.44324994E+00
+27.61000E-03,+2.06875002E+00,+2.31250000E+00,+2.25574994E+00
+27.62000E-03,+1.85000002E+00,+2.12500000E+00,+2.09949994E+00
+27.63000E-03,+1.66250002E+00,+1.96875000E+00,+1.94324994E+00
+27.64000E-03,+1.44375002E+00,+1.75000000E+00,+1.66199994E+00
+27.65000E-03,+1.25625002E+00,+1.53125000E+00,+1.47449994E+00
+27.66000E-03,+1.10000002E+00,+1.31250000E+00,+1.25574994E+00
+27.67000E-03,+912.50002E-03,+1.09375000E+00,+1.03699994E+00
+27.68000E-03,+818.75002E-03,+937.50000E-03,+880.74994E-03
+27.69000E-03,+693.75002E-03,+781.25000E-03,+755.74994E-03
+27.70000E-03,+693.75002E-03,+687.50000E-03,+630.74994E-03
+27.71000E-03,+693.75002E-03,+625.00000E-03,+630.74994E-03
+27.72000E-03,+818.75002E-03,+656.25000E-03,+661.99994E-03
+27.73000E-03,+912.50002E-03,+750.00000E-03,+755.74994E-03
+27.74000E-03,+1.10000002E+00,+843.75000E-03,+911.99994E-03
+27.75000E-03,+1.35000002E+00,+1.03125000E+00,+1.06824994E+00
+27.76000E-03,+1.56875002E+00,+1.18750000E+00,+1.31824994E+00
+27.77000E-03,+1.81875002E+00,+1.46875000E+00,+1.56824994E+00
+27.78000E-03,+2.06875002E+00,+1.75000000E+00,+1.81824994E+00
+27.79000E-03,+2.22500002E+00,+1.96875000E+00,+2.09949994E+00
+27.80000E-03,+2.35000002E+00,+2.21875000E+00,+2.28699994E+00
+27.81000E-03,+2.47500002E+00,+2.40625000E+00,+2.50574994E+00
+27.82000E-03,+2.53750002E+00,+2.56250000E+00,+2.63074994E+00
+27.83000E-03,+2.47500002E+00,+2.62500000E+00,+2.66199994E+00
+27.84000E-03,+2.38125002E+00,+2.62500000E+00,+2.59949994E+00
+27.85000E-03,+2.19375002E+00,+2.56250000E+00,+2.50574994E+00
+27.86000E-03,+1.97500002E+00,+2.40625000E+00,+2.34949994E+00
+27.87000E-03,+1.72500002E+00,+2.15625000E+00,+2.06824994E+00
+27.88000E-03,+1.47500002E+00,+1.87500000E+00,+1.81824994E+00
+27.89000E-03,+1.16250002E+00,+1.59375000E+00,+1.50574994E+00
+27.90000E-03,+943.75002E-03,+1.25000000E+00,+1.19324994E+00
+27.91000E-03,+818.75002E-03,+1.03125000E+00,+943.24994E-03
+27.92000E-03,+693.75002E-03,+781.25000E-03,+755.74994E-03
+27.93000E-03,+693.75002E-03,+625.00000E-03,+599.49994E-03
+27.94000E-03,+725.00002E-03,+562.50000E-03,+599.49994E-03
+27.95000E-03,+943.75002E-03,+625.00000E-03,+661.99994E-03
+27.96000E-03,+1.13125002E+00,+750.00000E-03,+849.49994E-03
+27.97000E-03,+1.47500002E+00,+1.00000000E+00,+1.09949994E+00
+27.98000E-03,+1.69375002E+00,+1.28125000E+00,+1.38074994E+00
+27.99000E-03,+2.06875002E+00,+1.62500000E+00,+1.75574994E+00
+28.00000E-03,+2.25625002E+00,+1.93750000E+00,+2.06824994E+00
+28.01000E-03,+2.44375002E+00,+2.25000000E+00,+2.34949994E+00
+28.02000E-03,+2.53750002E+00,+2.50000000E+00,+2.56824994E+00
+28.03000E-03,+2.47500002E+00,+2.62500000E+00,+2.69324994E+00
+28.04000E-03,+2.41250002E+00,+2.68750000E+00,+2.72449994E+00
+28.05000E-03,+2.16250002E+00,+2.62500000E+00,+2.59949994E+00
+28.06000E-03,+1.91250002E+00,+2.40625000E+00,+2.34949994E+00
+28.07000E-03,+1.63125002E+00,+2.12500000E+00,+2.03699994E+00
+28.08000E-03,+1.28750002E+00,+1.78125000E+00,+1.69324994E+00
+28.09000E-03,+1.00625002E+00,+1.43750000E+00,+1.28699994E+00
+28.10000E-03,+818.75002E-03,+1.03125000E+00,+1.00574994E+00
+28.11000E-03,+662.50002E-03,+781.25000E-03,+693.24994E-03
+28.12000E-03,+725.00002E-03,+625.00000E-03,+599.49994E-03
+28.13000E-03,+818.75002E-03,+531.25000E-03,+536.99994E-03
+28.14000E-03,+1.03750002E+00,+625.00000E-03,+693.24994E-03
+28.15000E-03,+1.41250002E+00,+843.75000E-03,+943.24994E-03
+28.16000E-03,+1.69375002E+00,+1.15625000E+00,+1.28699994E+00
+28.17000E-03,+2.03750002E+00,+1.53125000E+00,+1.69324994E+00
+28.18000E-03,+2.28750002E+00,+1.93750000E+00,+2.09949994E+00
+28.19000E-03,+2.47500002E+00,+2.28125000E+00,+2.41199994E+00
+28.20000E-03,+2.50625002E+00,+2.56250000E+00,+2.66199994E+00
+28.21000E-03,+2.41250002E+00,+2.71875000E+00,+2.72449994E+00
+28.22000E-03,+2.22500002E+00,+2.68750000E+00,+2.66199994E+00
+28.23000E-03,+1.94375002E+00,+2.56250000E+00,+2.44324994E+00
+28.24000E-03,+1.56875002E+00,+2.21875000E+00,+2.13074994E+00
+28.25000E-03,+1.22500002E+00,+1.87500000E+00,+1.69324994E+00
+28.26000E-03,+975.00002E-03,+1.43750000E+00,+1.22449994E+00
+28.27000E-03,+756.25002E-03,+1.03125000E+00,+880.74994E-03
+28.28000E-03,+693.75002E-03,+718.75000E-03,+599.49994E-03
+28.29000E-03,+818.75002E-03,+531.25000E-03,+505.74994E-03
+28.30000E-03,+1.00625002E+00,+562.50000E-03,+599.49994E-03
+28.31000E-03,+1.35000002E+00,+687.50000E-03,+818.24994E-03
+28.32000E-03,+1.72500002E+00,+1.06250000E+00,+1.16199994E+00
+28.33000E-03,+2.03750002E+00,+1.43750000E+00,+1.63074994E+00
+28.34000E-03,+2.35000002E+00,+1.93750000E+00,+2.06824994E+00
+28.35000E-03,+2.50625002E+00,+2.31250000E+00,+2.47449994E+00
+28.36000E-03,+2.50625002E+00,+2.62500000E+00,+2.72449994E+00
+28.37000E-03,+2.38125002E+00,+2.71875000E+00,+2.78699994E+00
+28.38000E-03,+2.10000002E+00,+2.68750000E+00,+2.66199994E+00
+28.39000E-03,+1.69375002E+00,+2.43750000E+00,+2.31824994E+00
+28.40000E-03,+1.31875002E+00,+2.06250000E+00,+1.88074994E+00
+28.41000E-03,+975.00002E-03,+1.59375000E+00,+1.41199994E+00
+28.42000E-03,+725.00002E-03,+1.15625000E+00,+1.00574994E+00
+28.43000E-03,+693.75002E-03,+781.25000E-03,+630.74994E-03
+28.44000E-03,+818.75002E-03,+531.25000E-03,+474.49994E-03
+28.45000E-03,+1.00625002E+00,+500.00000E-03,+505.74994E-03
+28.46000E-03,+1.41250002E+00,+656.25000E-03,+849.49994E-03
+28.47000E-03,+1.78750002E+00,+1.06250000E+00,+1.22449994E+00
+28.48000E-03,+2.19375002E+00,+1.53125000E+00,+1.72449994E+00
+28.49000E-03,+2.41250002E+00,+2.03125000E+00,+2.22449994E+00
+28.50000E-03,+2.53750002E+00,+2.46875000E+00,+2.63074994E+00
+28.51000E-03,+2.47500002E+00,+2.68750000E+00,+2.81824994E+00
+28.52000E-03,+2.19375002E+00,+2.78125000E+00,+2.75574994E+00
+28.53000E-03,+1.81875002E+00,+2.62500000E+00,+2.50574994E+00
+28.54000E-03,+1.38125002E+00,+2.25000000E+00,+2.06824994E+00
+28.55000E-03,+1.06875002E+00,+1.71875000E+00,+1.56824994E+00
+28.56000E-03,+756.25002E-03,+1.21875000E+00,+1.06824994E+00
+28.57000E-03,+693.75002E-03,+781.25000E-03,+661.99994E-03
+28.58000E-03,+756.25002E-03,+562.50000E-03,+474.49994E-03
+28.59000E-03,+1.03750002E+00,+468.75000E-03,+505.74994E-03
+28.60000E-03,+1.47500002E+00,+656.25000E-03,+818.24994E-03
+28.61000E-03,+1.91250002E+00,+1.09375000E+00,+1.25574994E+00
+28.62000E-03,+2.28750002E+00,+1.62500000E+00,+1.84949994E+00
+28.63000E-03,+2.50625002E+00,+2.15625000E+00,+2.34949994E+00
+28.64000E-03,+2.50625002E+00,+2.59375000E+00,+2.72449994E+00
+28.65000E-03,+2.35000002E+00,+2.78125000E+00,+2.84949994E+00
+28.66000E-03,+2.00625002E+00,+2.71875000E+00,+2.72449994E+00
+28.67000E-03,+1.53750002E+00,+2.43750000E+00,+2.31824994E+00
+28.68000E-03,+1.10000002E+00,+1.96875000E+00,+1.78699994E+00
+28.69000E-03,+881.25002E-03,+1.37500000E+00,+1.19324994E+00
+28.70000E-03,+693.75002E-03,+906.25000E-03,+724.49994E-03
+28.71000E-03,+787.50002E-03,+562.50000E-03,+474.49994E-03
+28.72000E-03,+1.13125002E+00,+468.75000E-03,+505.74994E-03
+28.73000E-03,+1.50625002E+00,+625.00000E-03,+724.49994E-03
+28.74000E-03,+1.94375002E+00,+1.03125000E+00,+1.25574994E+00
+28.75000E-03,+2.35000002E+00,+1.62500000E+00,+1.78699994E+00
+28.76000E-03,+2.50625002E+00,+2.25000000E+00,+2.41199994E+00
+28.77000E-03,+2.50625002E+00,+2.59375000E+00,+2.75574994E+00
+28.78000E-03,+2.22500002E+00,+2.81250000E+00,+2.84949994E+00
+28.79000E-03,+1.78750002E+00,+2.68750000E+00,+2.66199994E+00
+28.80000E-03,+1.31875002E+00,+2.34375000E+00,+2.16199994E+00
+28.81000E-03,+943.75002E-03,+1.78125000E+00,+1.59949994E+00
+28.82000E-03,+725.00002E-03,+1.18750000E+00,+1.00574994E+00
+28.83000E-03,+756.25002E-03,+718.75000E-03,+630.74994E-03
+28.84000E-03,+943.75002E-03,+437.50000E-03,+443.24994E-03
+28.85000E-03,+1.31875002E+00,+531.25000E-03,+568.24994E-03
+28.86000E-03,+1.85000002E+00,+843.75000E-03,+974.49994E-03
+28.87000E-03,+2.22500002E+00,+1.37500000E+00,+1.59949994E+00
+28.88000E-03,+2.50625002E+00,+2.00000000E+00,+2.22449994E+00
+28.89000E-03,+2.50625002E+00,+2.50000000E+00,+2.69324994E+00
+28.90000E-03,+2.25625002E+00,+2.78125000E+00,+2.84949994E+00
+28.91000E-03,+1.88125002E+00,+2.78125000E+00,+2.72449994E+00
+28.92000E-03,+1.41250002E+00,+2.43750000E+00,+2.25574994E+00
+28.93000E-03,+975.00002E-03,+1.87500000E+00,+1.66199994E+00
+28.94000E-03,+725.00002E-03,+1.21875000E+00,+1.03699994E+00
+28.95000E-03,+725.00002E-03,+750.00000E-03,+568.24994E-03
+28.96000E-03,+1.00625002E+00,+437.50000E-03,+443.24994E-03
+28.97000E-03,+1.41250002E+00,+500.00000E-03,+599.49994E-03
+28.98000E-03,+1.91250002E+00,+875.00000E-03,+1.03699994E+00
+28.99000E-03,+2.35000002E+00,+1.46875000E+00,+1.69324994E+00
+29.00000E-03,+2.50625002E+00,+2.12500000E+00,+2.34949994E+00
+29.01000E-03,+2.44375002E+00,+2.59375000E+00,+2.75574994E+00
+29.02000E-03,+2.13125002E+00,+2.81250000E+00,+2.88074994E+00
+29.03000E-03,+1.66250002E+00,+2.68750000E+00,+2.66199994E+00
+29.04000E-03,+1.16250002E+00,+2.28125000E+00,+2.06824994E+00
+29.05000E-03,+787.50002E-03,+1.62500000E+00,+1.41199994E+00
+29.06000E-03,+693.75002E-03,+1.03125000E+00,+818.24994E-03
+29.07000E-03,+850.00002E-03,+562.50000E-03,+474.49994E-03
+29.08000E-03,+1.25625002E+00,+437.50000E-03,+474.49994E-03
+29.09000E-03,+1.78750002E+00,+718.75000E-03,+818.24994E-03
+29.10000E-03,+2.19375002E+00,+1.18750000E+00,+1.41199994E+00
+29.11000E-03,+2.47500002E+00,+1.84375000E+00,+2.13074994E+00
+29.12000E-03,+2.47500002E+00,+2.46875000E+00,+2.66199994E+00
+29.13000E-03,+2.19375002E+00,+2.81250000E+00,+2.88074994E+00
+29.14000E-03,+1.66250002E+00,+2.78125000E+00,+2.72449994E+00
+29.15000E-03,+1.19375002E+00,+2.37500000E+00,+2.19324994E+00
+29.16000E-03,+818.75002E-03,+1.78125000E+00,+1.53699994E+00
+29.17000E-03,+662.50002E-03,+1.12500000E+00,+849.49994E-03
+29.18000E-03,+850.00002E-03,+625.00000E-03,+505.74994E-03
+29.19000E-03,+1.22500002E+00,+437.50000E-03,+474.49994E-03
+29.20000E-03,+1.78750002E+00,+625.00000E-03,+786.99994E-03
+29.21000E-03,+2.25625002E+00,+1.15625000E+00,+1.44324994E+00
+29.22000E-03,+2.47500002E+00,+1.84375000E+00,+2.16199994E+00
+29.23000E-03,+2.44375002E+00,+2.46875000E+00,+2.66199994E+00
+29.24000E-03,+2.13125002E+00,+2.81250000E+00,+2.88074994E+00
+29.25000E-03,+1.63125002E+00,+2.75000000E+00,+2.66199994E+00
+29.26000E-03,+1.10000002E+00,+2.31250000E+00,+2.13074994E+00
+29.27000E-03,+756.25002E-03,+1.65625000E+00,+1.41199994E+00
+29.28000E-03,+693.75002E-03,+1.00000000E+00,+755.74994E-03
+29.29000E-03,+975.00002E-03,+531.25000E-03,+443.24994E-03
+29.30000E-03,+1.44375002E+00,+437.50000E-03,+474.49994E-03
+29.31000E-03,+2.00625002E+00,+781.25000E-03,+974.49994E-03
+29.32000E-03,+2.38125002E+00,+1.37500000E+00,+1.59949994E+00
+29.33000E-03,+2.50625002E+00,+2.12500000E+00,+2.34949994E+00
+29.34000E-03,+2.28750002E+00,+2.62500000E+00,+2.84949994E+00
+29.35000E-03,+1.88125002E+00,+2.78125000E+00,+2.81824994E+00
+29.36000E-03,+1.35000002E+00,+2.59375000E+00,+2.44324994E+00
+29.37000E-03,+881.25002E-03,+2.03125000E+00,+1.81824994E+00
+29.38000E-03,+693.75002E-03,+1.31250000E+00,+1.09949994E+00
+29.39000E-03,+850.00002E-03,+718.75000E-03,+568.24994E-03
+29.40000E-03,+1.28750002E+00,+437.50000E-03,+443.24994E-03
+29.41000E-03,+1.85000002E+00,+625.00000E-03,+724.49994E-03
+29.42000E-03,+2.28750002E+00,+1.15625000E+00,+1.44324994E+00
+29.43000E-03,+2.53750002E+00,+1.84375000E+00,+2.13074994E+00
+29.44000E-03,+2.41250002E+00,+2.46875000E+00,+2.66199994E+00
+29.45000E-03,+1.97500002E+00,+2.78125000E+00,+2.84949994E+00
+29.46000E-03,+1.44375002E+00,+2.68750000E+00,+2.59949994E+00
+29.47000E-03,+912.50002E-03,+2.18750000E+00,+1.94324994E+00
+29.48000E-03,+725.00002E-03,+1.46875000E+00,+1.19324994E+00
+29.49000E-03,+787.50002E-03,+812.50000E-03,+630.74994E-03
+29.50000E-03,+1.19375002E+00,+468.75000E-03,+411.99994E-03
+29.51000E-03,+1.78750002E+00,+593.75000E-03,+693.24994E-03
+29.52000E-03,+2.25625002E+00,+1.09375000E+00,+1.31824994E+00
+29.53000E-03,+2.50625002E+00,+1.78125000E+00,+2.06824994E+00
+29.54000E-03,+2.41250002E+00,+2.43750000E+00,+2.63074994E+00
+29.55000E-03,+1.97500002E+00,+2.78125000E+00,+2.88074994E+00
+29.56000E-03,+1.35000002E+00,+2.68750000E+00,+2.56824994E+00
+29.57000E-03,+912.50002E-03,+2.18750000E+00,+1.94324994E+00
+29.58000E-03,+725.00002E-03,+1.46875000E+00,+1.19324994E+00
+29.59000E-03,+850.00002E-03,+812.50000E-03,+599.49994E-03
+29.60000E-03,+1.28750002E+00,+500.00000E-03,+443.24994E-03
+29.61000E-03,+1.91250002E+00,+625.00000E-03,+724.49994E-03
+29.62000E-03,+2.38125002E+00,+1.15625000E+00,+1.41199994E+00
+29.63000E-03,+2.50625002E+00,+1.90625000E+00,+2.16199994E+00
+29.64000E-03,+2.31875002E+00,+2.50000000E+00,+2.72449994E+00
+29.65000E-03,+1.78750002E+00,+2.78125000E+00,+2.81824994E+00
+29.66000E-03,+1.22500002E+00,+2.56250000E+00,+2.41199994E+00
+29.67000E-03,+787.50002E-03,+2.00000000E+00,+1.72449994E+00
+29.68000E-03,+693.75002E-03,+1.25000000E+00,+1.03699994E+00
+29.69000E-03,+1.03750002E+00,+687.50000E-03,+505.74994E-03
+29.70000E-03,+1.56875002E+00,+500.00000E-03,+505.74994E-03
+29.71000E-03,+2.13125002E+00,+812.50000E-03,+943.24994E-03
+29.72000E-03,+2.47500002E+00,+1.40625000E+00,+1.72449994E+00
+29.73000E-03,+2.44375002E+00,+2.12500000E+00,+2.41199994E+00
+29.74000E-03,+2.03750002E+00,+2.65625000E+00,+2.81824994E+00
+29.75000E-03,+1.50625002E+00,+2.71875000E+00,+2.69324994E+00
+29.76000E-03,+943.75002E-03,+2.34375000E+00,+2.16199994E+00
+29.77000E-03,+693.75002E-03,+1.65625000E+00,+1.38074994E+00
+29.78000E-03,+818.75002E-03,+968.75000E-03,+724.49994E-03
+29.79000E-03,+1.31875002E+00,+562.50000E-03,+474.49994E-03
+29.80000E-03,+1.85000002E+00,+593.75000E-03,+724.49994E-03
+29.81000E-03,+2.38125002E+00,+1.09375000E+00,+1.34949994E+00
+29.82000E-03,+2.53750002E+00,+1.84375000E+00,+2.16199994E+00
+29.83000E-03,+2.22500002E+00,+2.46875000E+00,+2.69324994E+00
+29.84000E-03,+1.72500002E+00,+2.75000000E+00,+2.75574994E+00
+29.85000E-03,+1.13125002E+00,+2.50000000E+00,+2.38074994E+00
+29.86000E-03,+756.25002E-03,+1.87500000E+00,+1.63074994E+00
+29.87000E-03,+756.25002E-03,+1.15625000E+00,+911.99994E-03
+29.88000E-03,+1.19375002E+00,+656.25000E-03,+536.99994E-03
+29.89000E-03,+1.78750002E+00,+562.50000E-03,+630.74994E-03
+29.90000E-03,+2.31875002E+00,+937.50000E-03,+1.16199994E+00
+29.91000E-03,+2.50625002E+00,+1.65625000E+00,+1.94324994E+00
+29.92000E-03,+2.28750002E+00,+2.34375000E+00,+2.56824994E+00
+29.93000E-03,+1.78750002E+00,+2.71875000E+00,+2.75574994E+00
+29.94000E-03,+1.16250002E+00,+2.56250000E+00,+2.47449994E+00
+29.95000E-03,+756.25002E-03,+2.00000000E+00,+1.72449994E+00
+29.96000E-03,+725.00002E-03,+1.21875000E+00,+1.03699994E+00
+29.97000E-03,+1.13125002E+00,+718.75000E-03,+568.24994E-03
+29.98000E-03,+1.75625002E+00,+562.50000E-03,+630.74994E-03
+29.99000E-03,+2.31875002E+00,+906.25000E-03,+1.13074994E+00
+30.00000E-03,+2.56875002E+00,+1.62500000E+00,+1.91199994E+00
+30.01000E-03,+2.31875002E+00,+2.31250000E+00,+2.56824994E+00
+30.02000E-03,+1.75625002E+00,+2.65625000E+00,+2.75574994E+00
+30.03000E-03,+1.16250002E+00,+2.56250000E+00,+2.41199994E+00
+30.04000E-03,+756.25002E-03,+1.96875000E+00,+1.75574994E+00
+30.05000E-03,+818.75002E-03,+1.25000000E+00,+1.03699994E+00
+30.06000E-03,+1.19375002E+00,+656.25000E-03,+568.24994E-03
+30.07000E-03,+1.85000002E+00,+593.75000E-03,+661.99994E-03
+30.08000E-03,+2.35000002E+00,+968.75000E-03,+1.19324994E+00
+30.09000E-03,+2.50625002E+00,+1.68750000E+00,+1.94324994E+00
+30.10000E-03,+2.19375002E+00,+2.34375000E+00,+2.56824994E+00
+30.11000E-03,+1.63125002E+00,+2.65625000E+00,+2.66199994E+00
+30.12000E-03,+1.03750002E+00,+2.50000000E+00,+2.31824994E+00
+30.13000E-03,+693.75002E-03,+1.87500000E+00,+1.59949994E+00
+30.14000E-03,+850.00002E-03,+1.12500000E+00,+911.99994E-03
+30.15000E-03,+1.38125002E+00,+656.25000E-03,+568.24994E-03
+30.16000E-03,+1.97500002E+00,+656.25000E-03,+755.74994E-03
+30.17000E-03,+2.41250002E+00,+1.15625000E+00,+1.38074994E+00
+30.18000E-03,+2.44375002E+00,+1.84375000E+00,+2.13074994E+00
+30.19000E-03,+2.06875002E+00,+2.46875000E+00,+2.66199994E+00
+30.20000E-03,+1.41250002E+00,+2.65625000E+00,+2.63074994E+00
+30.21000E-03,+881.25002E-03,+2.34375000E+00,+2.13074994E+00
+30.22000E-03,+693.75002E-03,+1.62500000E+00,+1.38074994E+00
+30.23000E-03,+1.00625002E+00,+968.75000E-03,+755.74994E-03
+30.24000E-03,+1.60000002E+00,+625.00000E-03,+599.49994E-03
+30.25000E-03,+2.25625002E+00,+812.50000E-03,+943.24994E-03
+30.26000E-03,+2.53750002E+00,+1.40625000E+00,+1.66199994E+00
+30.27000E-03,+2.31875002E+00,+2.15625000E+00,+2.34949994E+00
+30.28000E-03,+1.78750002E+00,+2.59375000E+00,+2.66199994E+00
+30.29000E-03,+1.13125002E+00,+2.56250000E+00,+2.47449994E+00
+30.30000E-03,+725.00002E-03,+2.03125000E+00,+1.78699994E+00
+30.31000E-03,+787.50002E-03,+1.31250000E+00,+1.03699994E+00
+30.32000E-03,+1.25625002E+00,+750.00000E-03,+599.49994E-03
+30.33000E-03,+1.94375002E+00,+656.25000E-03,+693.24994E-03
+30.34000E-03,+2.41250002E+00,+1.06250000E+00,+1.25574994E+00
+30.35000E-03,+2.47500002E+00,+1.78125000E+00,+2.09949994E+00
+30.36000E-03,+2.03750002E+00,+2.40625000E+00,+2.59949994E+00
+30.37000E-03,+1.38125002E+00,+2.62500000E+00,+2.63074994E+00
+30.38000E-03,+850.00002E-03,+2.28125000E+00,+2.09949994E+00
+30.39000E-03,+725.00002E-03,+1.65625000E+00,+1.34949994E+00
+30.40000E-03,+1.06875002E+00,+968.75000E-03,+786.99994E-03
+30.41000E-03,+1.69375002E+00,+656.25000E-03,+630.74994E-03
+30.42000E-03,+2.31875002E+00,+875.00000E-03,+1.03699994E+00
+30.43000E-03,+2.50625002E+00,+1.50000000E+00,+1.78699994E+00
+30.44000E-03,+2.22500002E+00,+2.18750000E+00,+2.38074994E+00
+30.45000E-03,+1.63125002E+00,+2.59375000E+00,+2.63074994E+00
+30.46000E-03,+1.00625002E+00,+2.43750000E+00,+2.28699994E+00
+30.47000E-03,+725.00002E-03,+1.87500000E+00,+1.59949994E+00
+30.48000E-03,+912.50002E-03,+1.12500000E+00,+911.99994E-03
+30.49000E-03,+1.56875002E+00,+718.75000E-03,+630.74994E-03
+30.50000E-03,+2.16250002E+00,+750.00000E-03,+911.99994E-03
+30.51000E-03,+2.44375002E+00,+1.31250000E+00,+1.56824994E+00
+30.52000E-03,+2.31875002E+00,+2.06250000E+00,+2.25574994E+00
+30.53000E-03,+1.75625002E+00,+2.50000000E+00,+2.63074994E+00
+30.54000E-03,+1.10000002E+00,+2.46875000E+00,+2.44324994E+00
+30.55000E-03,+756.25002E-03,+2.00000000E+00,+1.75574994E+00
+30.56000E-03,+881.25002E-03,+1.28125000E+00,+1.03699994E+00
+30.57000E-03,+1.47500002E+00,+812.50000E-03,+661.99994E-03
+30.58000E-03,+2.10000002E+00,+718.75000E-03,+818.24994E-03
+30.59000E-03,+2.44375002E+00,+1.18750000E+00,+1.47449994E+00
+30.60000E-03,+2.38125002E+00,+1.90625000E+00,+2.13074994E+00
+30.61000E-03,+1.81875002E+00,+2.46875000E+00,+2.56824994E+00
+30.62000E-03,+1.16250002E+00,+2.50000000E+00,+2.47449994E+00
+30.63000E-03,+756.25002E-03,+2.06250000E+00,+1.84949994E+00
+30.64000E-03,+850.00002E-03,+1.34375000E+00,+1.13074994E+00
+30.65000E-03,+1.41250002E+00,+812.50000E-03,+693.24994E-03
+30.66000E-03,+2.10000002E+00,+750.00000E-03,+786.99994E-03
+30.67000E-03,+2.50625002E+00,+1.18750000E+00,+1.41199994E+00
+30.68000E-03,+2.41250002E+00,+1.87500000E+00,+2.13074994E+00
+30.69000E-03,+1.81875002E+00,+2.40625000E+00,+2.59949994E+00
+30.70000E-03,+1.13125002E+00,+2.50000000E+00,+2.44324994E+00
+30.71000E-03,+725.00002E-03,+2.09375000E+00,+1.84949994E+00
+30.72000E-03,+881.25002E-03,+1.37500000E+00,+1.09949994E+00
+30.73000E-03,+1.41250002E+00,+843.75000E-03,+724.49994E-03
+30.74000E-03,+2.10000002E+00,+781.25000E-03,+849.49994E-03
+30.75000E-03,+2.53750002E+00,+1.15625000E+00,+1.41199994E+00
+30.76000E-03,+2.35000002E+00,+1.90625000E+00,+2.16199994E+00
+30.77000E-03,+1.75625002E+00,+2.43750000E+00,+2.53699994E+00
+30.78000E-03,+1.06875002E+00,+2.43750000E+00,+2.41199994E+00
+30.79000E-03,+725.00002E-03,+2.00000000E+00,+1.78699994E+00
+30.80000E-03,+881.25002E-03,+1.28125000E+00,+1.06824994E+00
+30.81000E-03,+1.53750002E+00,+812.50000E-03,+724.49994E-03
+30.82000E-03,+2.19375002E+00,+812.50000E-03,+911.99994E-03
+30.83000E-03,+2.50625002E+00,+1.28125000E+00,+1.59949994E+00
+30.84000E-03,+2.25625002E+00,+2.00000000E+00,+2.25574994E+00
+30.85000E-03,+1.60000002E+00,+2.43750000E+00,+2.53699994E+00
+30.86000E-03,+975.00002E-03,+2.43750000E+00,+2.31824994E+00
+30.87000E-03,+693.75002E-03,+1.87500000E+00,+1.63074994E+00
+30.88000E-03,+1.03750002E+00,+1.18750000E+00,+974.49994E-03
+30.89000E-03,+1.69375002E+00,+812.50000E-03,+724.49994E-03
+30.90000E-03,+2.31875002E+00,+875.00000E-03,+1.03699994E+00
+30.91000E-03,+2.47500002E+00,+1.50000000E+00,+1.69324994E+00
+30.92000E-03,+2.10000002E+00,+2.12500000E+00,+2.34949994E+00
+30.93000E-03,+1.38125002E+00,+2.50000000E+00,+2.50574994E+00
+30.94000E-03,+818.75002E-03,+2.34375000E+00,+2.13074994E+00
+30.95000E-03,+756.25002E-03,+1.71875000E+00,+1.47449994E+00
+30.96000E-03,+1.22500002E+00,+1.03125000E+00,+849.49994E-03
+30.97000E-03,+1.94375002E+00,+781.25000E-03,+755.74994E-03
+30.98000E-03,+2.44375002E+00,+1.03125000E+00,+1.25574994E+00
+30.99000E-03,+2.44375002E+00,+1.65625000E+00,+1.91199994E+00
+31.00000E-03,+1.88125002E+00,+2.25000000E+00,+2.41199994E+00
+31.01000E-03,+1.19375002E+00,+2.46875000E+00,+2.44324994E+00
+31.02000E-03,+725.00002E-03,+2.12500000E+00,+1.94324994E+00
+31.03000E-03,+912.50002E-03,+1.50000000E+00,+1.22449994E+00
+31.04000E-03,+1.47500002E+00,+875.00000E-03,+755.74994E-03
+31.05000E-03,+2.16250002E+00,+812.50000E-03,+880.74994E-03
+31.06000E-03,+2.50625002E+00,+1.25000000E+00,+1.47449994E+00
+31.07000E-03,+2.25625002E+00,+1.93750000E+00,+2.19324994E+00
+31.08000E-03,+1.56875002E+00,+2.37500000E+00,+2.50574994E+00
+31.09000E-03,+912.50002E-03,+2.37500000E+00,+2.28699994E+00
+31.10000E-03,+725.00002E-03,+1.84375000E+00,+1.63074994E+00
+31.11000E-03,+1.06875002E+00,+1.18750000E+00,+1.00574994E+00
+31.12000E-03,+1.81875002E+00,+812.50000E-03,+786.99994E-03
+31.13000E-03,+2.38125002E+00,+1.00000000E+00,+1.13074994E+00
+31.14000E-03,+2.44375002E+00,+1.56250000E+00,+1.81824994E+00
+31.15000E-03,+1.91250002E+00,+2.18750000E+00,+2.38074994E+00
+31.16000E-03,+1.22500002E+00,+2.43750000E+00,+2.44324994E+00
+31.17000E-03,+725.00002E-03,+2.15625000E+00,+1.97449994E+00
+31.18000E-03,+881.25002E-03,+1.50000000E+00,+1.28699994E+00
+31.19000E-03,+1.47500002E+00,+1.00000000E+00,+849.49994E-03
+31.20000E-03,+2.19375002E+00,+875.00000E-03,+911.99994E-03
+31.21000E-03,+2.50625002E+00,+1.25000000E+00,+1.50574994E+00
+31.22000E-03,+2.19375002E+00,+1.93750000E+00,+2.13074994E+00
+31.23000E-03,+1.56875002E+00,+2.37500000E+00,+2.50574994E+00
+31.24000E-03,+881.25002E-03,+2.34375000E+00,+2.22449994E+00
+31.25000E-03,+756.25002E-03,+1.81250000E+00,+1.59949994E+00
+31.26000E-03,+1.16250002E+00,+1.18750000E+00,+974.49994E-03
+31.27000E-03,+1.91250002E+00,+843.75000E-03,+818.24994E-03
+31.28000E-03,+2.44375002E+00,+1.06250000E+00,+1.22449994E+00
+31.29000E-03,+2.41250002E+00,+1.62500000E+00,+1.88074994E+00
+31.30000E-03,+1.81875002E+00,+2.25000000E+00,+2.38074994E+00
+31.31000E-03,+1.10000002E+00,+2.40625000E+00,+2.34949994E+00
+31.32000E-03,+725.00002E-03,+2.09375000E+00,+1.84949994E+00
+31.33000E-03,+943.75002E-03,+1.40625000E+00,+1.16199994E+00
+31.34000E-03,+1.69375002E+00,+906.25000E-03,+849.49994E-03
+31.35000E-03,+2.28750002E+00,+906.25000E-03,+1.03699994E+00
+31.36000E-03,+2.47500002E+00,+1.40625000E+00,+1.66199994E+00
+31.37000E-03,+2.06875002E+00,+2.06250000E+00,+2.28699994E+00
+31.38000E-03,+1.25625002E+00,+2.37500000E+00,+2.44324994E+00
+31.39000E-03,+787.50002E-03,+2.18750000E+00,+2.06824994E+00
+31.40000E-03,+850.00002E-03,+1.59375000E+00,+1.34949994E+00
+31.41000E-03,+1.47500002E+00,+1.03125000E+00,+911.99994E-03
+31.42000E-03,+2.19375002E+00,+875.00000E-03,+911.99994E-03
+31.43000E-03,+2.50625002E+00,+1.21875000E+00,+1.47449994E+00
+31.44000E-03,+2.19375002E+00,+1.90625000E+00,+2.13074994E+00
+31.45000E-03,+1.47500002E+00,+2.34375000E+00,+2.44324994E+00
+31.46000E-03,+818.75002E-03,+2.28125000E+00,+2.16199994E+00
+31.47000E-03,+756.25002E-03,+1.75000000E+00,+1.53699994E+00
+31.48000E-03,+1.22500002E+00,+1.12500000E+00,+943.24994E-03
+31.49000E-03,+2.06875002E+00,+906.25000E-03,+911.99994E-03
+31.50000E-03,+2.44375002E+00,+1.15625000E+00,+1.31824994E+00
+31.51000E-03,+2.28750002E+00,+1.81250000E+00,+2.00574994E+00
+31.52000E-03,+1.60000002E+00,+2.28125000E+00,+2.41199994E+00
+31.53000E-03,+912.50002E-03,+2.34375000E+00,+2.22449994E+00
+31.54000E-03,+725.00002E-03,+1.87500000E+00,+1.59949994E+00
+31.55000E-03,+1.16250002E+00,+1.25000000E+00,+1.03699994E+00
+31.56000E-03,+1.91250002E+00,+906.25000E-03,+880.74994E-03
+31.57000E-03,+2.47500002E+00,+1.09375000E+00,+1.22449994E+00
+31.58000E-03,+2.35000002E+00,+1.65625000E+00,+1.91199994E+00
+31.59000E-03,+1.72500002E+00,+2.18750000E+00,+2.34949994E+00
+31.60000E-03,+1.00625002E+00,+2.31250000E+00,+2.28699994E+00
+31.61000E-03,+725.00002E-03,+1.93750000E+00,+1.75574994E+00
+31.62000E-03,+1.06875002E+00,+1.28125000E+00,+1.09949994E+00
+31.63000E-03,+1.88125002E+00,+906.25000E-03,+880.74994E-03
+31.64000E-03,+2.44375002E+00,+1.06250000E+00,+1.22449994E+00
+31.65000E-03,+2.38125002E+00,+1.62500000E+00,+1.84949994E+00
+31.66000E-03,+1.72500002E+00,+2.18750000E+00,+2.34949994E+00
+31.67000E-03,+1.00625002E+00,+2.34375000E+00,+2.28699994E+00
+31.68000E-03,+693.75002E-03,+2.00000000E+00,+1.75574994E+00
+31.69000E-03,+1.10000002E+00,+1.34375000E+00,+1.13074994E+00
+31.70000E-03,+1.85000002E+00,+937.50000E-03,+880.74994E-03
+31.71000E-03,+2.41250002E+00,+1.03125000E+00,+1.16199994E+00
+31.72000E-03,+2.38125002E+00,+1.56250000E+00,+1.81824994E+00
+31.73000E-03,+1.78750002E+00,+2.15625000E+00,+2.28699994E+00
+31.74000E-03,+1.00625002E+00,+2.31250000E+00,+2.28699994E+00
+31.75000E-03,+756.25002E-03,+1.96875000E+00,+1.78699994E+00
+31.76000E-03,+1.10000002E+00,+1.34375000E+00,+1.16199994E+00
+31.77000E-03,+1.85000002E+00,+937.50000E-03,+849.49994E-03
+31.78000E-03,+2.41250002E+00,+1.03125000E+00,+1.19324994E+00
+31.79000E-03,+2.38125002E+00,+1.59375000E+00,+1.81824994E+00
+31.80000E-03,+1.72500002E+00,+2.12500000E+00,+2.31824994E+00
+31.81000E-03,+1.00625002E+00,+2.34375000E+00,+2.28699994E+00
+31.82000E-03,+725.00002E-03,+1.96875000E+00,+1.75574994E+00
+31.83000E-03,+1.13125002E+00,+1.34375000E+00,+1.13074994E+00
+31.84000E-03,+1.88125002E+00,+937.50000E-03,+911.99994E-03
+31.85000E-03,+2.44375002E+00,+1.06250000E+00,+1.19324994E+00
+31.86000E-03,+2.35000002E+00,+1.62500000E+00,+1.84949994E+00
+31.87000E-03,+1.66250002E+00,+2.18750000E+00,+2.31824994E+00
+31.88000E-03,+975.00002E-03,+2.34375000E+00,+2.25574994E+00
+31.89000E-03,+725.00002E-03,+1.90625000E+00,+1.69324994E+00
+31.90000E-03,+1.22500002E+00,+1.28125000E+00,+1.13074994E+00
+31.91000E-03,+1.97500002E+00,+937.50000E-03,+943.24994E-03
+31.92000E-03,+2.47500002E+00,+1.12500000E+00,+1.31824994E+00
+31.93000E-03,+2.28750002E+00,+1.71875000E+00,+1.91199994E+00
+31.94000E-03,+1.60000002E+00,+2.21875000E+00,+2.31824994E+00
+31.95000E-03,+850.00002E-03,+2.25000000E+00,+2.16199994E+00
+31.96000E-03,+725.00002E-03,+1.81250000E+00,+1.59949994E+00
+31.97000E-03,+1.31875002E+00,+1.25000000E+00,+1.03699994E+00
+31.98000E-03,+2.10000002E+00,+968.75000E-03,+974.49994E-03
+31.99000E-03,+2.53750002E+00,+1.21875000E+00,+1.38074994E+00
+32.00000E-03,+2.22500002E+00,+1.78125000E+00,+2.03699994E+00
+32.01000E-03,+1.44375002E+00,+2.28125000E+00,+2.38074994E+00
+32.02000E-03,+818.75002E-03,+2.21875000E+00,+2.09949994E+00
+32.03000E-03,+787.50002E-03,+1.71875000E+00,+1.50574994E+00
+32.04000E-03,+1.47500002E+00,+1.12500000E+00,+1.00574994E+00
+32.05000E-03,+2.25625002E+00,+968.75000E-03,+1.00574994E+00
+32.06000E-03,+2.47500002E+00,+1.31250000E+00,+1.50574994E+00
+32.07000E-03,+2.03750002E+00,+1.90625000E+00,+2.13074994E+00
+32.08000E-03,+1.22500002E+00,+2.25000000E+00,+2.31824994E+00
+32.09000E-03,+756.25002E-03,+2.12500000E+00,+1.97449994E+00
+32.10000E-03,+912.50002E-03,+1.56250000E+00,+1.34949994E+00
+32.11000E-03,+1.69375002E+00,+1.06250000E+00,+974.49994E-03
+32.12000E-03,+2.35000002E+00,+1.00000000E+00,+1.13074994E+00
+32.13000E-03,+2.44375002E+00,+1.46875000E+00,+1.69324994E+00
+32.14000E-03,+1.85000002E+00,+2.09375000E+00,+2.19324994E+00
+32.15000E-03,+1.06875002E+00,+2.28125000E+00,+2.25574994E+00
+32.16000E-03,+693.75002E-03,+1.96875000E+00,+1.81824994E+00
+32.17000E-03,+1.10000002E+00,+1.40625000E+00,+1.19324994E+00
+32.18000E-03,+1.94375002E+00,+1.03125000E+00,+943.24994E-03
+32.19000E-03,+2.47500002E+00,+1.15625000E+00,+1.28699994E+00
+32.20000E-03,+2.28750002E+00,+1.65625000E+00,+1.88074994E+00
+32.21000E-03,+1.56875002E+00,+2.18750000E+00,+2.28699994E+00
+32.22000E-03,+881.25002E-03,+2.25000000E+00,+2.13074994E+00
+32.23000E-03,+756.25002E-03,+1.78125000E+00,+1.63074994E+00
+32.24000E-03,+1.35000002E+00,+1.21875000E+00,+1.06824994E+00
+32.25000E-03,+2.16250002E+00,+1.03125000E+00,+1.00574994E+00
+32.26000E-03,+2.53750002E+00,+1.25000000E+00,+1.47449994E+00
+32.27000E-03,+2.06875002E+00,+1.81250000E+00,+2.03699994E+00
+32.28000E-03,+1.28750002E+00,+2.28125000E+00,+2.28699994E+00
+32.29000E-03,+756.25002E-03,+2.12500000E+00,+2.03699994E+00
+32.30000E-03,+881.25002E-03,+1.59375000E+00,+1.41199994E+00
+32.31000E-03,+1.69375002E+00,+1.09375000E+00,+1.03699994E+00
+32.32000E-03,+2.41250002E+00,+1.03125000E+00,+1.13074994E+00
+32.33000E-03,+2.41250002E+00,+1.50000000E+00,+1.66199994E+00
+32.34000E-03,+1.81875002E+00,+2.06250000E+00,+2.19324994E+00
+32.35000E-03,+1.00625002E+00,+2.25000000E+00,+2.25574994E+00
+32.36000E-03,+725.00002E-03,+1.96875000E+00,+1.78699994E+00
+32.37000E-03,+1.16250002E+00,+1.40625000E+00,+1.22449994E+00
+32.38000E-03,+1.97500002E+00,+1.00000000E+00,+974.49994E-03
+32.39000E-03,+2.50625002E+00,+1.15625000E+00,+1.31824994E+00
+32.40000E-03,+2.22500002E+00,+1.71875000E+00,+1.94324994E+00
+32.41000E-03,+1.47500002E+00,+2.15625000E+00,+2.28699994E+00
+32.42000E-03,+787.50002E-03,+2.15625000E+00,+2.13074994E+00
+32.43000E-03,+850.00002E-03,+1.68750000E+00,+1.50574994E+00
+32.44000E-03,+1.53750002E+00,+1.18750000E+00,+1.03699994E+00
+32.45000E-03,+2.31875002E+00,+1.03125000E+00,+1.09949994E+00
+32.46000E-03,+2.47500002E+00,+1.37500000E+00,+1.59949994E+00
+32.47000E-03,+1.91250002E+00,+1.93750000E+00,+2.16199994E+00
+32.48000E-03,+1.13125002E+00,+2.25000000E+00,+2.22449994E+00
+32.49000E-03,+756.25002E-03,+2.00000000E+00,+1.84949994E+00
+32.50000E-03,+1.13125002E+00,+1.40625000E+00,+1.22449994E+00
+32.51000E-03,+1.94375002E+00,+1.06250000E+00,+1.00574994E+00
+32.52000E-03,+2.47500002E+00,+1.15625000E+00,+1.31824994E+00
+32.53000E-03,+2.25625002E+00,+1.68750000E+00,+1.88074994E+00
+32.54000E-03,+1.50625002E+00,+2.18750000E+00,+2.25574994E+00
+32.55000E-03,+787.50002E-03,+2.18750000E+00,+2.06824994E+00
+32.56000E-03,+818.75002E-03,+1.68750000E+00,+1.50574994E+00
+32.57000E-03,+1.56875002E+00,+1.15625000E+00,+1.03699994E+00
+32.58000E-03,+2.28750002E+00,+1.03125000E+00,+1.09949994E+00
+32.59000E-03,+2.44375002E+00,+1.40625000E+00,+1.63074994E+00
+32.60000E-03,+1.88125002E+00,+1.93750000E+00,+2.09949994E+00
+32.61000E-03,+1.06875002E+00,+2.18750000E+00,+2.22449994E+00
+32.62000E-03,+725.00002E-03,+1.93750000E+00,+1.75574994E+00
+32.63000E-03,+1.16250002E+00,+1.43750000E+00,+1.25574994E+00
+32.64000E-03,+2.00625002E+00,+1.03125000E+00,+1.03699994E+00
+32.65000E-03,+2.47500002E+00,+1.21875000E+00,+1.31824994E+00
+32.66000E-03,+2.16250002E+00,+1.75000000E+00,+1.94324994E+00
+32.67000E-03,+1.38125002E+00,+2.15625000E+00,+2.25574994E+00
+32.68000E-03,+725.00002E-03,+2.09375000E+00,+2.03699994E+00
+32.69000E-03,+881.25002E-03,+1.62500000E+00,+1.44324994E+00
+32.70000E-03,+1.69375002E+00,+1.12500000E+00,+1.03699994E+00
+32.71000E-03,+2.38125002E+00,+1.09375000E+00,+1.16199994E+00
+32.72000E-03,+2.41250002E+00,+1.53125000E+00,+1.72449994E+00
+32.73000E-03,+1.69375002E+00,+2.03125000E+00,+2.16199994E+00
+32.74000E-03,+881.25002E-03,+2.18750000E+00,+2.19324994E+00
+32.75000E-03,+756.25002E-03,+1.84375000E+00,+1.69324994E+00
+32.76000E-03,+1.35000002E+00,+1.31250000E+00,+1.13074994E+00
+32.77000E-03,+2.16250002E+00,+1.03125000E+00,+1.03699994E+00
+32.78000E-03,+2.50625002E+00,+1.31250000E+00,+1.47449994E+00
+32.79000E-03,+2.03750002E+00,+1.84375000E+00,+2.06824994E+00
+32.80000E-03,+1.16250002E+00,+2.18750000E+00,+2.25574994E+00
+32.81000E-03,+725.00002E-03,+2.03125000E+00,+1.91199994E+00
+32.82000E-03,+1.10000002E+00,+1.50000000E+00,+1.31824994E+00
+32.83000E-03,+1.97500002E+00,+1.06250000E+00,+1.03699994E+00
+32.84000E-03,+2.47500002E+00,+1.18750000E+00,+1.31824994E+00
+32.85000E-03,+2.25625002E+00,+1.65625000E+00,+1.91199994E+00
+32.86000E-03,+1.44375002E+00,+2.09375000E+00,+2.22449994E+00
+32.87000E-03,+756.25002E-03,+2.15625000E+00,+2.03699994E+00
+32.88000E-03,+881.25002E-03,+1.65625000E+00,+1.47449994E+00
+32.89000E-03,+1.69375002E+00,+1.15625000E+00,+1.06824994E+00
+32.90000E-03,+2.41250002E+00,+1.09375000E+00,+1.19324994E+00
+32.91000E-03,+2.41250002E+00,+1.50000000E+00,+1.69324994E+00
+32.92000E-03,+1.66250002E+00,+2.00000000E+00,+2.16199994E+00
+32.93000E-03,+881.25002E-03,+2.15625000E+00,+2.16199994E+00
+32.94000E-03,+787.50002E-03,+1.84375000E+00,+1.66199994E+00
+32.95000E-03,+1.41250002E+00,+1.34375000E+00,+1.16199994E+00
+32.96000E-03,+2.28750002E+00,+1.09375000E+00,+1.09949994E+00
+32.97000E-03,+2.44375002E+00,+1.34375000E+00,+1.56824994E+00
+32.98000E-03,+1.94375002E+00,+1.87500000E+00,+2.13074994E+00
+32.99000E-03,+1.06875002E+00,+2.15625000E+00,+2.28699994E+00
+33.00000E-03,+725.00002E-03,+2.00000000E+00,+1.78699994E+00
+33.01000E-03,+1.28750002E+00,+1.43750000E+00,+1.25574994E+00
+33.02000E-03,+2.10000002E+00,+1.09375000E+00,+1.06824994E+00
+33.03000E-03,+2.47500002E+00,+1.21875000E+00,+1.41199994E+00
+33.04000E-03,+2.10000002E+00,+1.75000000E+00,+1.97449994E+00
+33.05000E-03,+1.22500002E+00,+2.18750000E+00,+2.22449994E+00
+33.06000E-03,+693.75002E-03,+2.09375000E+00,+1.94324994E+00
+33.07000E-03,+1.06875002E+00,+1.53125000E+00,+1.34949994E+00
+33.08000E-03,+1.91250002E+00,+1.09375000E+00,+1.06824994E+00
+33.09000E-03,+2.50625002E+00,+1.18750000E+00,+1.31824994E+00
+33.10000E-03,+2.22500002E+00,+1.62500000E+00,+1.84949994E+00
+33.11000E-03,+1.41250002E+00,+2.12500000E+00,+2.19324994E+00
+33.12000E-03,+756.25002E-03,+2.09375000E+00,+2.00574994E+00
+33.13000E-03,+881.25002E-03,+1.65625000E+00,+1.44324994E+00
+33.14000E-03,+1.69375002E+00,+1.15625000E+00,+1.06824994E+00
+33.15000E-03,+2.41250002E+00,+1.15625000E+00,+1.19324994E+00
+33.16000E-03,+2.31875002E+00,+1.53125000E+00,+1.75574994E+00
+33.17000E-03,+1.60000002E+00,+2.06250000E+00,+2.19324994E+00
+33.18000E-03,+881.25002E-03,+2.09375000E+00,+2.09949994E+00
+33.19000E-03,+818.75002E-03,+1.75000000E+00,+1.56824994E+00
+33.20000E-03,+1.56875002E+00,+1.25000000E+00,+1.06824994E+00
+33.21000E-03,+2.35000002E+00,+1.12500000E+00,+1.16199994E+00
+33.22000E-03,+2.44375002E+00,+1.50000000E+00,+1.69324994E+00
+33.23000E-03,+1.69375002E+00,+2.00000000E+00,+2.13074994E+00
+33.24000E-03,+881.25002E-03,+2.15625000E+00,+2.13074994E+00
+33.25000E-03,+818.75002E-03,+1.81250000E+00,+1.63074994E+00
+33.26000E-03,+1.47500002E+00,+1.28125000E+00,+1.13074994E+00
+33.27000E-03,+2.25625002E+00,+1.09375000E+00,+1.16199994E+00
+33.28000E-03,+2.44375002E+00,+1.40625000E+00,+1.63074994E+00
+33.29000E-03,+1.81875002E+00,+1.93750000E+00,+2.09949994E+00
+33.30000E-03,+1.00625002E+00,+2.15625000E+00,+2.16199994E+00
+33.31000E-03,+756.25002E-03,+1.90625000E+00,+1.72449994E+00
+33.32000E-03,+1.35000002E+00,+1.37500000E+00,+1.22449994E+00
+33.33000E-03,+2.22500002E+00,+1.12500000E+00,+1.09949994E+00
+33.34000E-03,+2.47500002E+00,+1.37500000E+00,+1.50574994E+00
+33.35000E-03,+1.91250002E+00,+1.87500000E+00,+2.06824994E+00
+33.36000E-03,+1.00625002E+00,+2.15625000E+00,+2.16199994E+00
+33.37000E-03,+756.25002E-03,+1.93750000E+00,+1.78699994E+00
+33.38000E-03,+1.31875002E+00,+1.40625000E+00,+1.25574994E+00
+33.39000E-03,+2.19375002E+00,+1.12500000E+00,+1.13074994E+00
+33.40000E-03,+2.50625002E+00,+1.34375000E+00,+1.50574994E+00
+33.41000E-03,+1.94375002E+00,+1.78125000E+00,+2.00574994E+00
+33.42000E-03,+1.06875002E+00,+2.12500000E+00,+2.16199994E+00
+33.43000E-03,+756.25002E-03,+1.93750000E+00,+1.78699994E+00
+33.44000E-03,+1.28750002E+00,+1.46875000E+00,+1.25574994E+00
+33.45000E-03,+2.16250002E+00,+1.12500000E+00,+1.06824994E+00
+33.46000E-03,+2.50625002E+00,+1.31250000E+00,+1.47449994E+00
+33.47000E-03,+2.00625002E+00,+1.84375000E+00,+2.03699994E+00
+33.48000E-03,+1.10000002E+00,+2.15625000E+00,+2.19324994E+00
+33.49000E-03,+662.50002E-03,+1.93750000E+00,+1.81824994E+00
+33.50000E-03,+1.22500002E+00,+1.46875000E+00,+1.22449994E+00
+33.51000E-03,+2.13125002E+00,+1.12500000E+00,+1.13074994E+00
+33.52000E-03,+2.47500002E+00,+1.28125000E+00,+1.47449994E+00
+33.53000E-03,+2.00625002E+00,+1.78125000E+00,+2.00574994E+00
+33.54000E-03,+1.10000002E+00,+2.12500000E+00,+2.19324994E+00
+33.55000E-03,+662.50002E-03,+1.96875000E+00,+1.84949994E+00
+33.56000E-03,+1.22500002E+00,+1.46875000E+00,+1.31824994E+00
+33.57000E-03,+2.13125002E+00,+1.15625000E+00,+1.09949994E+00
+33.58000E-03,+2.47500002E+00,+1.28125000E+00,+1.44324994E+00
+33.59000E-03,+2.00625002E+00,+1.78125000E+00,+1.97449994E+00
+33.60000E-03,+1.06875002E+00,+2.12500000E+00,+2.16199994E+00
+33.61000E-03,+693.75002E-03,+1.96875000E+00,+1.81824994E+00
+33.62000E-03,+1.28750002E+00,+1.43750000E+00,+1.25574994E+00
+33.63000E-03,+2.16250002E+00,+1.12500000E+00,+1.09949994E+00
+33.64000E-03,+2.53750002E+00,+1.31250000E+00,+1.53699994E+00
+33.65000E-03,+1.97500002E+00,+1.81250000E+00,+2.00574994E+00
+33.66000E-03,+1.06875002E+00,+2.15625000E+00,+2.13074994E+00
+33.67000E-03,+725.00002E-03,+1.90625000E+00,+1.81824994E+00
+33.68000E-03,+1.28750002E+00,+1.43750000E+00,+1.25574994E+00
+33.69000E-03,+2.22500002E+00,+1.12500000E+00,+1.09949994E+00
+33.70000E-03,+2.50625002E+00,+1.34375000E+00,+1.50574994E+00
+33.71000E-03,+1.91250002E+00,+1.84375000E+00,+1.97449994E+00
+33.72000E-03,+1.03750002E+00,+2.15625000E+00,+2.13074994E+00
+33.73000E-03,+756.25002E-03,+1.87500000E+00,+1.75574994E+00
+33.74000E-03,+1.31875002E+00,+1.37500000E+00,+1.28699994E+00
+33.75000E-03,+2.22500002E+00,+1.15625000E+00,+1.13074994E+00
+33.76000E-03,+2.44375002E+00,+1.37500000E+00,+1.56824994E+00
+33.77000E-03,+1.81875002E+00,+1.87500000E+00,+2.03699994E+00
+33.78000E-03,+943.75002E-03,+2.09375000E+00,+2.13074994E+00
+33.79000E-03,+787.50002E-03,+1.84375000E+00,+1.69324994E+00
+33.80000E-03,+1.44375002E+00,+1.37500000E+00,+1.25574994E+00
+33.81000E-03,+2.28750002E+00,+1.15625000E+00,+1.19324994E+00
+33.82000E-03,+2.44375002E+00,+1.43750000E+00,+1.59949994E+00
+33.83000E-03,+1.75625002E+00,+1.90625000E+00,+2.06824994E+00
+33.84000E-03,+912.50002E-03,+2.12500000E+00,+2.09949994E+00
+33.85000E-03,+818.75002E-03,+1.81250000E+00,+1.66199994E+00
+33.86000E-03,+1.56875002E+00,+1.34375000E+00,+1.19324994E+00
+33.87000E-03,+2.38125002E+00,+1.15625000E+00,+1.19324994E+00
+33.88000E-03,+2.35000002E+00,+1.50000000E+00,+1.66199994E+00
+33.89000E-03,+1.63125002E+00,+1.93750000E+00,+2.06824994E+00
+33.90000E-03,+818.75002E-03,+2.09375000E+00,+2.06824994E+00
+33.91000E-03,+850.00002E-03,+1.75000000E+00,+1.59949994E+00
+33.92000E-03,+1.69375002E+00,+1.25000000E+00,+1.16199994E+00
+33.93000E-03,+2.41250002E+00,+1.15625000E+00,+1.25574994E+00
+33.94000E-03,+2.31875002E+00,+1.56250000E+00,+1.75574994E+00
+33.95000E-03,+1.44375002E+00,+2.00000000E+00,+2.13074994E+00
+33.96000E-03,+787.50002E-03,+2.09375000E+00,+2.00574994E+00
+33.97000E-03,+975.00002E-03,+1.65625000E+00,+1.50574994E+00
+33.98000E-03,+1.85000002E+00,+1.21875000E+00,+1.19324994E+00
+33.99000E-03,+2.47500002E+00,+1.21875000E+00,+1.31824994E+00
+34.00000E-03,+2.22500002E+00,+1.62500000E+00,+1.84949994E+00
+34.01000E-03,+1.35000002E+00,+2.03125000E+00,+2.13074994E+00
+34.02000E-03,+756.25002E-03,+2.00000000E+00,+1.88074994E+00
+34.03000E-03,+1.06875002E+00,+1.59375000E+00,+1.38074994E+00
+34.04000E-03,+2.00625002E+00,+1.18750000E+00,+1.16199994E+00
+34.05000E-03,+2.53750002E+00,+1.31250000E+00,+1.38074994E+00
+34.06000E-03,+2.03750002E+00,+1.71875000E+00,+1.91199994E+00
+34.07000E-03,+1.16250002E+00,+2.06250000E+00,+2.13074994E+00
+34.08000E-03,+693.75002E-03,+1.96875000E+00,+1.78699994E+00
+34.09000E-03,+1.25625002E+00,+1.46875000E+00,+1.28699994E+00
+34.10000E-03,+2.16250002E+00,+1.15625000E+00,+1.16199994E+00
+34.11000E-03,+2.53750002E+00,+1.40625000E+00,+1.50574994E+00
+34.12000E-03,+1.88125002E+00,+1.81250000E+00,+2.00574994E+00
+34.13000E-03,+943.75002E-03,+2.12500000E+00,+2.06824994E+00
+34.14000E-03,+756.25002E-03,+1.87500000E+00,+1.69324994E+00
+34.15000E-03,+1.47500002E+00,+1.37500000E+00,+1.22449994E+00
+34.16000E-03,+2.31875002E+00,+1.15625000E+00,+1.16199994E+00
+34.17000E-03,+2.41250002E+00,+1.46875000E+00,+1.63074994E+00
+34.18000E-03,+1.66250002E+00,+1.96875000E+00,+2.06824994E+00
+34.19000E-03,+818.75002E-03,+2.06250000E+00,+2.03699994E+00
+34.20000E-03,+818.75002E-03,+1.75000000E+00,+1.56824994E+00
+34.21000E-03,+1.69375002E+00,+1.28125000E+00,+1.19324994E+00
+34.22000E-03,+2.41250002E+00,+1.21875000E+00,+1.25574994E+00
+34.23000E-03,+2.31875002E+00,+1.59375000E+00,+1.72449994E+00
+34.24000E-03,+1.38125002E+00,+2.00000000E+00,+2.09949994E+00
+34.25000E-03,+756.25002E-03,+2.03125000E+00,+1.94324994E+00
+34.26000E-03,+1.00625002E+00,+1.59375000E+00,+1.44324994E+00
+34.27000E-03,+1.97500002E+00,+1.18750000E+00,+1.13074994E+00
+34.28000E-03,+2.50625002E+00,+1.28125000E+00,+1.34949994E+00
+34.29000E-03,+2.06875002E+00,+1.68750000E+00,+1.91199994E+00
+34.30000E-03,+1.13125002E+00,+2.06250000E+00,+2.13074994E+00
+34.31000E-03,+756.25002E-03,+1.90625000E+00,+1.78699994E+00
+34.32000E-03,+1.25625002E+00,+1.46875000E+00,+1.28699994E+00
+34.33000E-03,+2.22500002E+00,+1.18750000E+00,+1.16199994E+00
+34.34000E-03,+2.44375002E+00,+1.40625000E+00,+1.50574994E+00
+34.35000E-03,+1.81875002E+00,+1.84375000E+00,+2.00574994E+00
+34.36000E-03,+975.00002E-03,+2.06250000E+00,+2.06824994E+00
+34.37000E-03,+756.25002E-03,+1.84375000E+00,+1.69324994E+00
+34.38000E-03,+1.53750002E+00,+1.37500000E+00,+1.19324994E+00
+34.39000E-03,+2.38125002E+00,+1.18750000E+00,+1.22449994E+00
+34.40000E-03,+2.38125002E+00,+1.50000000E+00,+1.69324994E+00
+34.41000E-03,+1.53750002E+00,+2.00000000E+00,+2.09949994E+00
+34.42000E-03,+787.50002E-03,+2.06250000E+00,+1.97449994E+00
+34.43000E-03,+975.00002E-03,+1.68750000E+00,+1.47449994E+00
+34.44000E-03,+1.88125002E+00,+1.25000000E+00,+1.16199994E+00
+34.45000E-03,+2.47500002E+00,+1.28125000E+00,+1.34949994E+00
+34.46000E-03,+2.10000002E+00,+1.62500000E+00,+1.84949994E+00
+34.47000E-03,+1.19375002E+00,+2.03125000E+00,+2.06824994E+00
+34.48000E-03,+725.00002E-03,+1.96875000E+00,+1.88074994E+00
+34.49000E-03,+1.25625002E+00,+1.53125000E+00,+1.31824994E+00
+34.50000E-03,+2.22500002E+00,+1.21875000E+00,+1.16199994E+00
+34.51000E-03,+2.50625002E+00,+1.34375000E+00,+1.53699994E+00
+34.52000E-03,+1.78750002E+00,+1.84375000E+00,+2.03699994E+00
+34.53000E-03,+912.50002E-03,+2.06250000E+00,+2.03699994E+00
+34.54000E-03,+787.50002E-03,+1.81250000E+00,+1.69324994E+00
+34.55000E-03,+1.56875002E+00,+1.37500000E+00,+1.22449994E+00
+34.56000E-03,+2.41250002E+00,+1.18750000E+00,+1.25574994E+00
+34.57000E-03,+2.35000002E+00,+1.53125000E+00,+1.69324994E+00
+34.58000E-03,+1.44375002E+00,+2.00000000E+00,+2.06824994E+00
+34.59000E-03,+787.50002E-03,+2.00000000E+00,+1.97449994E+00
+34.60000E-03,+1.00625002E+00,+1.62500000E+00,+1.47449994E+00
+34.61000E-03,+1.97500002E+00,+1.25000000E+00,+1.16199994E+00
+34.62000E-03,+2.50625002E+00,+1.25000000E+00,+1.38074994E+00
+34.63000E-03,+2.06875002E+00,+1.71875000E+00,+1.88074994E+00
+34.64000E-03,+1.10000002E+00,+2.03125000E+00,+2.09949994E+00
+34.65000E-03,+693.75002E-03,+1.90625000E+00,+1.81824994E+00
+34.66000E-03,+1.35000002E+00,+1.46875000E+00,+1.31824994E+00
+34.67000E-03,+2.25625002E+00,+1.18750000E+00,+1.19324994E+00
+34.68000E-03,+2.44375002E+00,+1.43750000E+00,+1.59949994E+00
+34.69000E-03,+1.66250002E+00,+1.93750000E+00,+2.03699994E+00
+34.70000E-03,+818.75002E-03,+2.03125000E+00,+2.00574994E+00
+34.71000E-03,+912.50002E-03,+1.75000000E+00,+1.56824994E+00
+34.72000E-03,+1.78750002E+00,+1.31250000E+00,+1.16199994E+00
+34.73000E-03,+2.44375002E+00,+1.25000000E+00,+1.31824994E+00
+34.74000E-03,+2.19375002E+00,+1.59375000E+00,+1.81824994E+00
+34.75000E-03,+1.25625002E+00,+2.00000000E+00,+2.09949994E+00
+34.76000E-03,+725.00002E-03,+1.96875000E+00,+1.84949994E+00
+34.77000E-03,+1.22500002E+00,+1.56250000E+00,+1.38074994E+00
+34.78000E-03,+2.16250002E+00,+1.21875000E+00,+1.19324994E+00
+34.79000E-03,+2.47500002E+00,+1.37500000E+00,+1.50574994E+00
+34.80000E-03,+1.78750002E+00,+1.84375000E+00,+1.97449994E+00
+34.81000E-03,+881.25002E-03,+2.03125000E+00,+2.06824994E+00
+34.82000E-03,+787.50002E-03,+1.78125000E+00,+1.63074994E+00
+34.83000E-03,+1.66250002E+00,+1.34375000E+00,+1.19324994E+00
+34.84000E-03,+2.47500002E+00,+1.21875000E+00,+1.28699994E+00
+34.85000E-03,+2.25625002E+00,+1.56250000E+00,+1.75574994E+00
+34.86000E-03,+1.31875002E+00,+2.00000000E+00,+2.09949994E+00
+34.87000E-03,+756.25002E-03,+2.00000000E+00,+1.91199994E+00
+34.88000E-03,+1.13125002E+00,+1.59375000E+00,+1.41199994E+00
+34.89000E-03,+2.10000002E+00,+1.21875000E+00,+1.16199994E+00
+34.90000E-03,+2.53750002E+00,+1.34375000E+00,+1.47449994E+00
+34.91000E-03,+1.88125002E+00,+1.75000000E+00,+1.94324994E+00
+34.92000E-03,+912.50002E-03,+2.06250000E+00,+2.06824994E+00
+34.93000E-03,+756.25002E-03,+1.81250000E+00,+1.69324994E+00
+34.94000E-03,+1.56875002E+00,+1.34375000E+00,+1.22449994E+00
+34.95000E-03,+2.44375002E+00,+1.25000000E+00,+1.25574994E+00
+34.96000E-03,+2.28750002E+00,+1.53125000E+00,+1.75574994E+00
+34.97000E-03,+1.41250002E+00,+1.96875000E+00,+2.06824994E+00
+34.98000E-03,+725.00002E-03,+1.96875000E+00,+1.94324994E+00
+34.99000E-03,+1.10000002E+00,+1.59375000E+00,+1.41199994E+00
+35.00000E-03,+2.03750002E+00,+1.25000000E+00,+1.19324994E+00
+35.01000E-03,+2.53750002E+00,+1.31250000E+00,+1.47449994E+00
+35.02000E-03,+1.91250002E+00,+1.78125000E+00,+1.94324994E+00
+35.03000E-03,+943.75002E-03,+2.06250000E+00,+2.06824994E+00
+35.04000E-03,+787.50002E-03,+1.84375000E+00,+1.69324994E+00
+35.05000E-03,+1.63125002E+00,+1.37500000E+00,+1.22449994E+00
+35.06000E-03,+2.41250002E+00,+1.21875000E+00,+1.25574994E+00
+35.07000E-03,+2.25625002E+00,+1.53125000E+00,+1.72449994E+00
+35.08000E-03,+1.38125002E+00,+1.93750000E+00,+2.03699994E+00
+35.09000E-03,+756.25002E-03,+2.00000000E+00,+1.88074994E+00
+35.10000E-03,+1.16250002E+00,+1.56250000E+00,+1.44324994E+00
+35.11000E-03,+2.06875002E+00,+1.21875000E+00,+1.22449994E+00
+35.12000E-03,+2.50625002E+00,+1.34375000E+00,+1.50574994E+00
+35.13000E-03,+1.81875002E+00,+1.78125000E+00,+1.97449994E+00
+35.14000E-03,+912.50002E-03,+2.06250000E+00,+2.03699994E+00
+35.15000E-03,+818.75002E-03,+1.78125000E+00,+1.66199994E+00
+35.16000E-03,+1.66250002E+00,+1.34375000E+00,+1.25574994E+00
+35.17000E-03,+2.44375002E+00,+1.25000000E+00,+1.31824994E+00
+35.18000E-03,+2.22500002E+00,+1.62500000E+00,+1.75574994E+00
+35.19000E-03,+1.28750002E+00,+1.96875000E+00,+2.06824994E+00
+35.20000E-03,+725.00002E-03,+1.93750000E+00,+1.84949994E+00
+35.21000E-03,+1.22500002E+00,+1.53125000E+00,+1.34949994E+00
+35.22000E-03,+2.19375002E+00,+1.25000000E+00,+1.19324994E+00
+35.23000E-03,+2.47500002E+00,+1.43750000E+00,+1.56824994E+00
+35.24000E-03,+1.69375002E+00,+1.84375000E+00,+1.97449994E+00
+35.25000E-03,+818.75002E-03,+2.03125000E+00,+1.97449994E+00
+35.26000E-03,+881.25002E-03,+1.68750000E+00,+1.59949994E+00
+35.27000E-03,+1.85000002E+00,+1.31250000E+00,+1.22449994E+00
+35.28000E-03,+2.50625002E+00,+1.28125000E+00,+1.34949994E+00
+35.29000E-03,+2.13125002E+00,+1.65625000E+00,+1.81824994E+00
+35.30000E-03,+1.13125002E+00,+2.03125000E+00,+2.03699994E+00
+35.31000E-03,+725.00002E-03,+1.93750000E+00,+1.75574994E+00
+35.32000E-03,+1.41250002E+00,+1.46875000E+00,+1.31824994E+00
+35.33000E-03,+2.31875002E+00,+1.25000000E+00,+1.19324994E+00
+35.34000E-03,+2.38125002E+00,+1.46875000E+00,+1.66199994E+00
+35.35000E-03,+1.50625002E+00,+1.93750000E+00,+2.03699994E+00
+35.36000E-03,+756.25002E-03,+2.00000000E+00,+1.97449994E+00
+35.37000E-03,+1.00625002E+00,+1.65625000E+00,+1.47449994E+00
+35.38000E-03,+2.00625002E+00,+1.28125000E+00,+1.19324994E+00
+35.39000E-03,+2.53750002E+00,+1.34375000E+00,+1.41199994E+00
+35.40000E-03,+1.97500002E+00,+1.75000000E+00,+1.91199994E+00
+35.41000E-03,+975.00002E-03,+2.03125000E+00,+2.03699994E+00
+35.42000E-03,+787.50002E-03,+1.81250000E+00,+1.66199994E+00
+35.43000E-03,+1.56875002E+00,+1.37500000E+00,+1.25574994E+00
+35.44000E-03,+2.47500002E+00,+1.28125000E+00,+1.28699994E+00
+35.45000E-03,+2.22500002E+00,+1.56250000E+00,+1.75574994E+00
+35.46000E-03,+1.28750002E+00,+1.96875000E+00,+2.09949994E+00
+35.47000E-03,+693.75002E-03,+1.96875000E+00,+1.84949994E+00
+35.48000E-03,+1.28750002E+00,+1.53125000E+00,+1.34949994E+00
+35.49000E-03,+2.22500002E+00,+1.28125000E+00,+1.22449994E+00
+35.50000E-03,+2.44375002E+00,+1.43750000E+00,+1.50574994E+00
+35.51000E-03,+1.69375002E+00,+1.84375000E+00,+2.03699994E+00
+35.52000E-03,+787.50002E-03,+2.00000000E+00,+1.97449994E+00
+35.53000E-03,+975.00002E-03,+1.71875000E+00,+1.53699994E+00
+35.54000E-03,+1.88125002E+00,+1.28125000E+00,+1.19324994E+00
+35.55000E-03,+2.47500002E+00,+1.31250000E+00,+1.38074994E+00
+35.56000E-03,+2.00625002E+00,+1.68750000E+00,+1.84949994E+00
+35.57000E-03,+975.00002E-03,+2.00000000E+00,+2.03699994E+00
+35.58000E-03,+756.25002E-03,+1.84375000E+00,+1.72449994E+00
+35.59000E-03,+1.56875002E+00,+1.43750000E+00,+1.28699994E+00
+35.60000E-03,+2.41250002E+00,+1.21875000E+00,+1.31824994E+00
+35.61000E-03,+2.28750002E+00,+1.56250000E+00,+1.69324994E+00
+35.62000E-03,+1.35000002E+00,+1.93750000E+00,+2.09949994E+00
+35.63000E-03,+693.75002E-03,+1.96875000E+00,+1.88074994E+00
+35.64000E-03,+1.25625002E+00,+1.56250000E+00,+1.38074994E+00
+35.65000E-03,+2.19375002E+00,+1.25000000E+00,+1.22449994E+00
+35.66000E-03,+2.44375002E+00,+1.43750000E+00,+1.56824994E+00
+35.67000E-03,+1.66250002E+00,+1.87500000E+00,+1.97449994E+00
+35.68000E-03,+787.50002E-03,+2.03125000E+00,+1.97449994E+00
+35.69000E-03,+943.75002E-03,+1.68750000E+00,+1.56824994E+00
+35.70000E-03,+1.94375002E+00,+1.34375000E+00,+1.19324994E+00
+35.71000E-03,+2.53750002E+00,+1.31250000E+00,+1.38074994E+00
+35.72000E-03,+2.00625002E+00,+1.71875000E+00,+1.84949994E+00
+35.73000E-03,+1.00625002E+00,+2.00000000E+00,+2.03699994E+00
+35.74000E-03,+787.50002E-03,+1.84375000E+00,+1.69324994E+00
+35.75000E-03,+1.60000002E+00,+1.37500000E+00,+1.28699994E+00
+35.76000E-03,+2.44375002E+00,+1.28125000E+00,+1.28699994E+00
+35.77000E-03,+2.22500002E+00,+1.59375000E+00,+1.75574994E+00
+35.78000E-03,+1.28750002E+00,+1.93750000E+00,+2.00574994E+00
+35.79000E-03,+725.00002E-03,+1.93750000E+00,+1.84949994E+00
+35.80000E-03,+1.28750002E+00,+1.50000000E+00,+1.34949994E+00
+35.81000E-03,+2.28750002E+00,+1.25000000E+00,+1.19324994E+00
+35.82000E-03,+2.41250002E+00,+1.46875000E+00,+1.63074994E+00
+35.83000E-03,+1.50625002E+00,+1.90625000E+00,+2.03699994E+00
+35.84000E-03,+693.75002E-03,+2.00000000E+00,+1.94324994E+00
+35.85000E-03,+1.03750002E+00,+1.62500000E+00,+1.47449994E+00
+35.86000E-03,+2.03750002E+00,+1.28125000E+00,+1.25574994E+00
+35.87000E-03,+2.50625002E+00,+1.37500000E+00,+1.47449994E+00
+35.88000E-03,+1.81875002E+00,+1.75000000E+00,+1.94324994E+00
+35.89000E-03,+881.25002E-03,+2.00000000E+00,+1.97449994E+00
+35.90000E-03,+850.00002E-03,+1.75000000E+00,+1.59949994E+00
+35.91000E-03,+1.81875002E+00,+1.31250000E+00,+1.22449994E+00
+35.92000E-03,+2.44375002E+00,+1.31250000E+00,+1.38074994E+00
+35.93000E-03,+2.03750002E+00,+1.68750000E+00,+1.81824994E+00
+35.94000E-03,+1.03750002E+00,+2.00000000E+00,+2.03699994E+00
+35.95000E-03,+787.50002E-03,+1.84375000E+00,+1.72449994E+00
+35.96000E-03,+1.53750002E+00,+1.43750000E+00,+1.28699994E+00
+35.97000E-03,+2.41250002E+00,+1.25000000E+00,+1.31824994E+00
+35.98000E-03,+2.25625002E+00,+1.59375000E+00,+1.72449994E+00
+35.99000E-03,+1.28750002E+00,+1.96875000E+00,+1.97449994E+00
+36.00000E-03,+693.75002E-03,+1.93750000E+00,+1.81824994E+00
+36.01000E-03,+1.25625002E+00,+1.53125000E+00,+1.38074994E+00
+36.02000E-03,+2.31875002E+00,+1.25000000E+00,+1.25574994E+00
+36.03000E-03,+2.41250002E+00,+1.46875000E+00,+1.59949994E+00
+36.04000E-03,+1.53750002E+00,+1.90625000E+00,+2.03699994E+00
+36.05000E-03,+725.00002E-03,+1.96875000E+00,+1.91199994E+00
+36.06000E-03,+1.03750002E+00,+1.62500000E+00,+1.47449994E+00
+36.07000E-03,+2.10000002E+00,+1.31250000E+00,+1.22449994E+00
+36.08000E-03,+2.47500002E+00,+1.37500000E+00,+1.50574994E+00
+36.09000E-03,+1.72500002E+00,+1.78125000E+00,+1.94324994E+00
+36.10000E-03,+818.75002E-03,+2.00000000E+00,+1.97449994E+00
+36.11000E-03,+943.75002E-03,+1.71875000E+00,+1.56824994E+00
+36.12000E-03,+1.91250002E+00,+1.34375000E+00,+1.25574994E+00
+36.13000E-03,+2.50625002E+00,+1.34375000E+00,+1.41199994E+00
+36.14000E-03,+1.94375002E+00,+1.68750000E+00,+1.88074994E+00
+36.15000E-03,+943.75002E-03,+1.96875000E+00,+2.00574994E+00
+36.16000E-03,+818.75002E-03,+1.81250000E+00,+1.66199994E+00
+36.17000E-03,+1.69375002E+00,+1.37500000E+00,+1.28699994E+00
+36.18000E-03,+2.47500002E+00,+1.28125000E+00,+1.34949994E+00
+36.19000E-03,+2.13125002E+00,+1.62500000E+00,+1.78699994E+00
+36.20000E-03,+1.10000002E+00,+1.96875000E+00,+2.03699994E+00
+36.21000E-03,+725.00002E-03,+1.84375000E+00,+1.78699994E+00
+36.22000E-03,+1.47500002E+00,+1.43750000E+00,+1.31824994E+00
+36.23000E-03,+2.44375002E+00,+1.28125000E+00,+1.28699994E+00
+36.24000E-03,+2.28750002E+00,+1.56250000E+00,+1.72449994E+00
+36.25000E-03,+1.28750002E+00,+1.93750000E+00,+2.00574994E+00
+36.26000E-03,+756.25002E-03,+1.90625000E+00,+1.88074994E+00
+36.27000E-03,+1.35000002E+00,+1.53125000E+00,+1.38074994E+00
+36.28000E-03,+2.31875002E+00,+1.25000000E+00,+1.25574994E+00
+36.29000E-03,+2.38125002E+00,+1.46875000E+00,+1.63074994E+00
+36.30000E-03,+1.44375002E+00,+1.87500000E+00,+2.00574994E+00
+36.31000E-03,+725.00002E-03,+1.93750000E+00,+1.91199994E+00
+36.32000E-03,+1.16250002E+00,+1.62500000E+00,+1.44324994E+00
+36.33000E-03,+2.16250002E+00,+1.28125000E+00,+1.19324994E+00
+36.34000E-03,+2.44375002E+00,+1.43750000E+00,+1.53699994E+00
+36.35000E-03,+1.66250002E+00,+1.81250000E+00,+1.94324994E+00
+36.36000E-03,+787.50002E-03,+1.93750000E+00,+1.94324994E+00
+36.37000E-03,+1.00625002E+00,+1.68750000E+00,+1.53699994E+00
+36.38000E-03,+2.03750002E+00,+1.31250000E+00,+1.28699994E+00
+36.39000E-03,+2.44375002E+00,+1.37500000E+00,+1.47449994E+00
+36.40000E-03,+1.81875002E+00,+1.75000000E+00,+1.91199994E+00
+36.41000E-03,+818.75002E-03,+2.00000000E+00,+1.97449994E+00
+36.42000E-03,+912.50002E-03,+1.68750000E+00,+1.56824994E+00
+36.43000E-03,+1.85000002E+00,+1.34375000E+00,+1.25574994E+00
+36.44000E-03,+2.50625002E+00,+1.31250000E+00,+1.41199994E+00
+36.45000E-03,+1.97500002E+00,+1.71875000E+00,+1.91199994E+00
+36.46000E-03,+975.00002E-03,+1.96875000E+00,+2.00574994E+00
+36.47000E-03,+818.75002E-03,+1.81250000E+00,+1.69324994E+00
+36.48000E-03,+1.75625002E+00,+1.37500000E+00,+1.28699994E+00
+36.49000E-03,+2.47500002E+00,+1.31250000E+00,+1.38074994E+00
+36.50000E-03,+2.10000002E+00,+1.65625000E+00,+1.88074994E+00
+36.51000E-03,+1.06875002E+00,+1.93750000E+00,+2.00574994E+00
+36.52000E-03,+756.25002E-03,+1.84375000E+00,+1.66199994E+00
+36.53000E-03,+1.60000002E+00,+1.43750000E+00,+1.28699994E+00
+36.54000E-03,+2.41250002E+00,+1.28125000E+00,+1.34949994E+00
+36.55000E-03,+2.16250002E+00,+1.56250000E+00,+1.75574994E+00
+36.56000E-03,+1.13125002E+00,+1.93750000E+00,+2.00574994E+00
+36.57000E-03,+756.25002E-03,+1.84375000E+00,+1.78699994E+00
+36.58000E-03,+1.50625002E+00,+1.43750000E+00,+1.28699994E+00
+36.59000E-03,+2.38125002E+00,+1.25000000E+00,+1.28699994E+00
+36.60000E-03,+2.28750002E+00,+1.56250000E+00,+1.75574994E+00
+36.61000E-03,+1.22500002E+00,+1.93750000E+00,+1.97449994E+00
+36.62000E-03,+693.75002E-03,+1.90625000E+00,+1.81824994E+00
+36.63000E-03,+1.41250002E+00,+1.50000000E+00,+1.34949994E+00
+36.64000E-03,+2.35000002E+00,+1.28125000E+00,+1.28699994E+00
+36.65000E-03,+2.31875002E+00,+1.53125000E+00,+1.66199994E+00
+36.66000E-03,+1.31875002E+00,+1.90625000E+00,+2.00574994E+00
+36.67000E-03,+693.75002E-03,+1.93750000E+00,+1.81824994E+00
+36.68000E-03,+1.31875002E+00,+1.53125000E+00,+1.38074994E+00
+36.69000E-03,+2.31875002E+00,+1.31250000E+00,+1.28699994E+00
+36.70000E-03,+2.35000002E+00,+1.50000000E+00,+1.63074994E+00
+36.71000E-03,+1.41250002E+00,+1.87500000E+00,+2.00574994E+00
+36.72000E-03,+725.00002E-03,+1.93750000E+00,+1.84949994E+00
+36.73000E-03,+1.22500002E+00,+1.53125000E+00,+1.44324994E+00
+36.74000E-03,+2.25625002E+00,+1.31250000E+00,+1.25574994E+00
+36.75000E-03,+2.38125002E+00,+1.43750000E+00,+1.63074994E+00
+36.76000E-03,+1.47500002E+00,+1.84375000E+00,+1.97449994E+00
+36.77000E-03,+725.00002E-03,+1.93750000E+00,+1.91199994E+00
+36.78000E-03,+1.16250002E+00,+1.62500000E+00,+1.44324994E+00
+36.79000E-03,+2.25625002E+00,+1.28125000E+00,+1.28699994E+00
+36.80000E-03,+2.41250002E+00,+1.40625000E+00,+1.56824994E+00
+36.81000E-03,+1.56875002E+00,+1.84375000E+00,+1.97449994E+00
+36.82000E-03,+756.25002E-03,+1.93750000E+00,+1.91199994E+00
+36.83000E-03,+1.10000002E+00,+1.62500000E+00,+1.50574994E+00
+36.84000E-03,+2.13125002E+00,+1.31250000E+00,+1.25574994E+00
+36.85000E-03,+2.47500002E+00,+1.43750000E+00,+1.56824994E+00
+36.86000E-03,+1.63125002E+00,+1.84375000E+00,+1.97449994E+00
+36.87000E-03,+756.25002E-03,+1.96875000E+00,+1.94324994E+00
+36.88000E-03,+1.10000002E+00,+1.62500000E+00,+1.50574994E+00
+36.89000E-03,+2.16250002E+00,+1.34375000E+00,+1.25574994E+00
+36.90000E-03,+2.50625002E+00,+1.40625000E+00,+1.53699994E+00
+36.91000E-03,+1.66250002E+00,+1.81250000E+00,+1.94324994E+00
+36.92000E-03,+818.75002E-03,+1.96875000E+00,+1.91199994E+00
+36.93000E-03,+1.03750002E+00,+1.68750000E+00,+1.53699994E+00
+36.94000E-03,+2.06875002E+00,+1.31250000E+00,+1.25574994E+00
+36.95000E-03,+2.50625002E+00,+1.43750000E+00,+1.53699994E+00
+36.96000E-03,+1.69375002E+00,+1.78125000E+00,+1.91199994E+00
+36.97000E-03,+787.50002E-03,+2.00000000E+00,+1.97449994E+00
+36.98000E-03,+1.00625002E+00,+1.65625000E+00,+1.50574994E+00
+36.99000E-03,+2.06875002E+00,+1.31250000E+00,+1.28699994E+00
+37.00000E-03,+2.47500002E+00,+1.40625000E+00,+1.50574994E+00
+37.01000E-03,+1.69375002E+00,+1.75000000E+00,+1.91199994E+00
+37.02000E-03,+756.25002E-03,+1.96875000E+00,+1.94324994E+00
+37.03000E-03,+1.03750002E+00,+1.68750000E+00,+1.56824994E+00
+37.04000E-03,+2.06875002E+00,+1.34375000E+00,+1.28699994E+00
+37.05000E-03,+2.47500002E+00,+1.37500000E+00,+1.50574994E+00
+37.06000E-03,+1.72500002E+00,+1.78125000E+00,+1.91199994E+00
+37.07000E-03,+818.75002E-03,+1.93750000E+00,+1.94324994E+00
